调往门店名称,商品SKU数量,配送金额总和
上虞万悦城新店,1896,366069.24
上虞万达广场店,2233,552539.31
上虞东关镇店,2261,729958.48
上虞丰惠镇店,2012,522844.11
上虞人民路新店,1917,428328.77
上虞华维店,1909,403766.21
上虞城南舜耕大道店,1948,425697.42
上虞城西店,1984,400878.31
上虞小越镇新店,2056,676937.47
上虞峰山路店,1461,215012.22
上虞崧厦东大街店,2117,642135.85
上虞崧厦佳源广场店,2186,537746.39
上虞恒利店,1563,250985.33
上虞水尚名都店,2002,445963.31
上虞江扬路新店,1799,304485.25
上虞汤浦镇店,1788,328248.44
上虞百官广场店,1607,261572.56
上虞盖北镇店,1391,273508.67
上虞舜杰路新店,2358,783724.61
上虞谢塘镇店,1364,185283.67
上虞道墟镇店,2076,593940.99
丽水云和中山路店,1867,388524.23
丽水云和中梁店,1471,232328.24
丽水云和山水广场店,1747,389833.51
丽水庆元农贸市场店,1762,314521.84
丽水庆元和家园店,2165,493021.46
丽水景宁人民南路店,1803,370173.75
丽水景宁鑫景商城店,1257,186139.37
丽水松阳万家惠店,1964,417656.92
丽水松阳新华路店,2205,650469.1
丽水松阳江泰广场店,1737,297018.31
丽水缙云和泰城店,2368,934595.67
丽水缙云壶镇二店,1594,320635.13
丽水缙云壶镇店,1888,442204.99
丽水缙云新建镇店,1768,486724.4
丽水缙云溪滨北路店,1949,413705.15
丽水缙云黄碧街店,2116,552044.83
丽水缙云黄龙路店,1572,314516.8
丽水莲都万地广场店,1875,486762.15
丽水莲都中山店,1830,338750.2
丽水莲都囿山路店,1867,397912.69
丽水莲都天宁店,1661,282573.29
丽水莲都宇雷路店,2340,473815.62
丽水莲都寿尔福路店,1826,333710.2
丽水莲都水东路店,1777,314560.28
丽水莲都水阁店,2217,742253.6
丽水莲都碧湖镇店,1960,399522.81
丽水莲都秀山店,1973,395815.23
丽水莲都继光街店,1707,336266.51
丽水莲都西城广场店,1976,424024.1
丽水莲都银泰城店,2018,463119.17
丽水遂昌叶坦店,1400,259493.24
丽水遂昌园丁路店,1889,536747.09
丽水青田之心店,1930,429357.77
丽水青田江泰广场店,1572,268847.68
丽水青田涌金街店,1863,467284.87
丽水龙泉万达店,1696,310577.51
丽水龙泉剑池西路店,1581,297941.81
丽水龙泉华楼街店,1966,434447.51
义乌万体广场店,1075,158341.74
义乌上溪镇店,1629,251330.37
义乌义亭之心店,1438,206728.14
义乌众安广场店,1921,425764.43
义乌何麻车店,1341,221523.07
义乌佛堂大成路店,1648,283742.71
义乌佛堂宝龙广场店,2051,509330.14
义乌北苑路店,1115,151393.47
义乌后宅店,1713,337152.49
义乌大陈镇店,1556,234059.1
义乌宾王商贸区店,1767,358667.46
义乌工人北路三店,1785,346880.51
义乌工人北路二店,1690,323878.02
义乌工人北路店,2034,453627.05
义乌廿三里店,1427,236247.9
义乌新科路店,1971,470263.84
义乌望道路店,1519,236528.77
义乌柳青店,1386,213412.95
义乌江东中路二店,1511,251299.99
义乌江东中路店,1680,328977.45
义乌江滨西路店,1388,232718.98
义乌绣湖里店,1653,348396.86
义乌苏溪镇店,2013,474195.04
义乌荷叶塘店,1603,257145.43
义乌青口店,1604,245579.44
余姚万年桥店,1776,421623.76
余姚万达广场店,2180,632126.52
余姚丈亭镇渔溪店,1857,395222.07
余姚三七市镇店,2037,470197.92
余姚世南西路店,1591,280342.92
余姚世南西路绿城店,1685,277694.15
余姚临山镇店,2284,705991.32
余姚五彩城新店,69,81684.05
余姚低塘镇店,2383,608759.56
余姚兰江商贸城新店,1904,379441.87
余姚南雷路店,1824,334214.68
余姚嘉悦广场店,2513,911107.5
余姚四明路店,1773,309169.84
余姚小曹娥镇店,2143,528874.64
余姚慧聪家电城店,1971,533692.09
余姚文山路店,1995,452955.1
余姚新大新广场店,1507,250730.9
余姚新建北路店,2066,492918.73
余姚方桥店,1999,564597.86
余姚明伟店,2133,612725.4
余姚朗霞崇文路店,2213,666343.9
余姚梁弄镇店,1801,393744.75
余姚梁辉店,2083,456191.48
余姚河姆渡店,2112,429625.28
余姚泗门光明南路店,2203,613737.44
余姚泗门河塍北路店,2378,769740.06
余姚泗门镇新店,1989,540459.25
余姚玉立路店,1859,340014.81
余姚竹山桥店,1614,293771.22
余姚肖东石婆桥店,2111,583538.37
余姚胜山西路店,2000,416977.98
余姚郑巷振兴路店,2244,458221.96
余姚金型路店,1981,456394.36
余姚阳明东路新店,1644,286590.04
余姚阳明西路店,2168,591491.53
余姚陆埠二店,1966,385036.36
余姚陆埠店,2019,423316.29
余姚马渚镇店,1523,415348.43
余姚马渚镇新店,2186,789713.75
余姚黄家埠镇店,2109,591583.47
余杭临平九曲营路店,1900,534378.94
余杭仁和和旺街店,2061,561599.58
余杭勾庄金家渡路店,1786,338553.03
余杭崇贤崇超路店,1883,398793.99
北仑九峰西路店,2313,619495.81
北仑凤洋一路店,2276,586880.06
北仑华山路店,2205,526763.43
北仑博地影秀城店,1930,370745.28
北仑同树路店,1691,466981.34
北仑大契人民路店,2258,776168.87
北仑宁职院店,1632,249927.09
北仑小港季景路店,2081,444811.55
北仑庐山东路店,2186,518287.88
北仑弘基广场店,1944,399161.9
北仑新大路二店,1936,420959.01
北仑新大路店,2173,635865.94
北仑明州路店,1774,440501.63
北仑春晓店,1574,255972.75
北仑柴桥新店,2189,597984.55
北仑梅山店,1702,256557.85
北仑红联地铁站店,1748,258743.62
北仑红联振兴西路店,1728,287937.04
北仑红联渡口南路店,2115,531100.34
台州三门健跳镇店,1950,504422.39
台州三门南山店,1944,444998.99
台州三门新兴街店,2083,442154.89
台州三门梧桐路店,2087,519045.37
台州三门泰和路店,1784,392214.41
台州三门西区大道店,1938,407325.64
台州下陈中心街店,1892,322636.1
台州临海上盘镇店,1776,389387.2
台州临海东塍镇店,1215,193569.83
台州临海大洋店,1791,381098.41
台州临海大田店,1671,323424.99
台州临海崇和路店,1891,475757.24
台州临海星悦城店,1754,341902.61
台州临海杜桥镇店,1934,447593.29
台州临海柏叶西路店,1479,271981.52
台州临海桃渚镇店,1975,510804.75
台州临海花街店,1608,307522.25
台州临海郎成时代店,1621,404225.44
台州临海银泰城店,1757,459743.84
台州仙居下各镇店,1754,328494.54
台州仙居吾悦广场店,1946,433448.28
台州仙居响石山路店,2249,575049.03
台州仙居横溪镇店,1850,372469.01
台州仙居白塔店,1710,311248.03
台州仙居穿城中路店,2039,439709.18
台州坎门海港西路店,1852,372321.96
台州天台人民东路店,2277,625827.46
台州天台劳动路店,2223,561551.2
台州天台坦头镇店,1,9000.0
台州天台宝龙天地店,1779,302034.46
台州天台平桥镇店,2097,480668.65
台州天台法华路店,2413,871649.93
台州天台赤城路店,1771,317179.88
台州杜桥南洋二路店,1689,372096.55
台州杜桥宝龙广场店,1931,402843.66
台州杜桥站东路店,1826,381167.17
台州松门老车站店,2095,459320.51
台州椒江万达店,1815,370171.37
台州椒江三甲店,1794,335040.27
台州椒江下陈店,1470,292484.09
台州椒江东海大道店,1220,205520.05
台州椒江中山东路店,1492,204372.11
台州椒江中山路店,1503,219649.61
台州椒江前所店,1763,336463.57
台州椒江商业街店,1619,277313.6
台州椒江天璟誉府店,1628,272175.37
台州椒江宝龙广场店,1951,372786.74
台州椒江市府大道店,1773,330213.25
台州椒江广场西路店,1867,467027.24
台州椒江新安路店,1603,259238.23
台州椒江洪家店,1883,455296.31
台州椒江海门店,1559,263254.39
台州椒江章安店,1456,271398.75
台州椒江葭沚店,1780,335114.69
台州椒江解放南路店,1389,227725.79
台州楚门南兴西路店,2053,434492.53
台州楚门昌业北路店,1668,341332.77
台州温岭CC广场店,1593,279902.97
台州温岭万昌中路店,1773,387661.65
台州温岭九龙店,1183,169770.21
台州温岭大溪店,1873,340061.48
台州温岭宝龙店,2186,588709.9
台州温岭新天地店,2126,457663.4
台州温岭新河新店,2111,547022.35
台州温岭时代新店,1687,280209.01
台州温岭松门岭商店,2040,442611.9
台州温岭横峰店,1340,183422.64
台州温岭泽国二店,1472,217657.55
台州温岭泽国店,2112,518213.23
台州温岭温峤镇店,1822,331706.13
台州温岭牧横路店,1600,253812.84
台州温岭箬横镇店,1673,255263.21
台州温岭银泰店,2030,462741.46
台州玉环万达广场店,1857,351995.53
台州玉环双港新店,1626,367140.76
台州玉环吾悦广场店,1856,429025.99
台州玉环城中路店,1975,563812.85
台州玉环大麦屿新店,2243,594299.8
台州玉环清港镇新店,2029,442147.17
台州章安漫悦湾店,1917,516185.0
台州路桥宏达广场店,1576,274423.82
台州路桥富仕路店,1655,363391.81
台州路桥峰江店,1,9000.0
台州路桥新桥镇店,1316,222595.64
台州路桥桐屿店,1970,593221.64
台州路桥横街镇店,1777,383774.72
台州路桥腾达路店,1784,355049.94
台州路桥蓬街镇店,1943,463135.2
台州路桥螺洋店,1665,330531.58
台州路桥鑫悦广场店,1872,526248.68
台州路桥银座街店,1943,493872.77
台州金地中城广场店,2014,494943.62
台州金清嘉里城店,1928,468752.57
台州金清建设路店,1804,427045.43
台州黄岩东官河路店,1678,307664.13
台州黄岩劳动南路店,1908,408564.95
台州黄岩吾悦广场店,2291,615405.65
台州黄岩复元东路店,2165,599975.19
台州黄岩天佑城店,1835,337545.55
台州黄岩天长北路店,1948,379654.23
台州黄岩头陀镇店,1793,439179.74
台州黄岩新前店,2103,567103.3
台州黄岩沙埠镇店,1908,399839.42
台州黄岩澄江店,1587,271651.39
台州黄岩西城店,1937,365114.58
台州黄岩院桥镇店,2225,504233.94
嘉兴乍浦天妃路店,1769,321874.18
嘉兴南湖余新镇店,1593,245899.23
嘉兴南湖大桥镇店,1179,145572.3
嘉兴南湖少年路店,1442,201670.68
嘉兴嘉善恒太城店,1825,462769.04
嘉兴嘉善施家北路店,1770,290810.53
嘉兴嘉善晋阳东路店,1150,145043.39
嘉兴嘉善解放西路店,1616,240426.15
嘉兴平湖独山港镇店,1485,238755.15
嘉兴桐乡大麻镇店,1679,278911.29
嘉兴桐乡洲泉镇店,1711,325676.92
嘉兴桐乡濮院店,731,84709.49
嘉兴海宁七号桥店,1650,243807.54
嘉兴海宁人民路店,1391,228612.94
嘉兴海宁斜桥镇店,2195,460577.73
嘉兴海宁洛隆路店,2000,376085.26
嘉兴海宁盐仓二店,2199,522340.45
嘉兴海宁西田城店,1593,250471.16
嘉兴海宁许村镇店,2062,599165.95
嘉兴海宁银泰店,1395,218791.3
嘉兴海盐勤俭北路店,930,109731.66
嘉兴海盐吾悦广场店,1708,275778.47000000003
嘉兴海盐百步镇店,1449,205172.14
嘉兴海盐西塘桥店,1462,188836.79
嘉兴秀洲名人国际店,1574,239545.55
嘉兴秀洲洪合镇店,1626,273411.92
嘉兴许村万朵城店,2131,684178.05
奉化万达广场店,1878,447862.14
奉化世纪一百广场店,1898,359677.81
奉化力邦广场店,2033,491300.24
奉化大成路店,1402,211401.96
奉化岳林路店,2066,465454.69
奉化溪口商业广场店,1888,387817.15
奉化溪口民国小镇店,1767,357454.12
奉化溪口银凤广场店,1883,473759.31
奉化长汀东路店,1876,366067.56
宁波下应湖下路店,2146,498371.65
宁波世纪东方广场店,2224,555291.34
宁波东部银泰城店,1583,305353.24
宁波五乡镇东街新店,2208,586451.35
宁波北仑大榭店,1959,408698.21
宁波北仑小港店,2086,454592.12
宁波北仑岷山路店,1782,337620.99
宁波北仑霞浦店,1,9000.0
宁波印象奉化店,1641,349492.03
宁波奉化中山路店,2520,632786.65
宁波奉化南山路店,1678,274759.77
宁波奉化方桥镇店,1926,463468.43
宁波奉化江口镇店,1916,423193.46
宁波奉化江宸府店,2129,559430.88
宁波奉化舒家店,1927,380816.58
宁波奉化莼湖镇店,2067,581200.67
宁波奉化西坞店,1604,248360.88
宁波奉化锦屏南路店,1,9000.0
宁波姜山天童南路店,2172,659927.43
宁波宁大步行街店,2032,401875.97
宁波宁海兴宁路店,1627,283856.4
宁波宁海力洋镇店,2013,430991.73
宁波宁海北斗北路店,1665,322320.31
宁波宁海应家山店,1994,433522.31
宁波宁海新桥路店,1656,297358.6
宁波宁海桃源广场店,1248,165585.32
宁波宁海桃源里店,1927,386308.4
宁波宁海桥头胡店,2161,523057.53
宁波宁海梅林镇店,2123,505235.57
宁波宁海竹口路店,2172,507792.74
宁波宁海西子国际店,2305,792236.21
宁波宁海西店镇店,1538,479916.08
宁波宁海长街镇店,2088,435389.47
宁波宏泰广场店,1853,487395.5
宁波庄桥公园路店,2180,648703.19
宁波慈城二店,1937,365183.5
宁波慈城解放路店,2281,823433.36
宁波杭州湾世纪金源店,2194,601566.39
宁波杭州湾利时店,2453,907054.78
宁波杭州湾御海苑店,1323,209556.09
宁波梅墟奥莱码头店,2102,530657.28
宁波江东东柳店,1682,369191.38
宁波江东华严店,1789,354638.12
宁波江东宁穿路店,1870,369754.86
宁波江东贺丞路店,1441,269930.7
宁波江北万达店,2141,507688.8
宁波江北云创店,1090,185329.15
宁波江北亲亲家园店,2023,455368.77
宁波江北华业街店,1522,277652.28
宁波江北天水家园店,1846,392869.82
宁波江北来福士店,1639,247674.73
宁波江北清河路店,1644,386250.13
宁波江北育才路新店,1320,235347.59
宁波沧海路店,1684,262796.62
宁波海德商业中心店,1982,486824.41
宁波海曙亚细亚店,2390,765636.11
宁波海曙南苑街店,2290,647917.03
宁波海曙印象城店,2077,488650.39
宁波海曙奥特莱斯店,2030,393357.3
宁波海曙布政店,1622,260025.71
宁波海曙徐家漕店,1998,385024.87
宁波海曙恒通广场店,1853,364062.76
宁波海曙白云店,1711,287617.64
宁波海曙礼嘉桥店,1413,246455.43
宁波海曙翠柏店,2057,502060.78
宁波海曙联丰店,1626,284107.35
宁波海曙镇明路店,1673,323847.34
宁波海曙马园路新店,1235,208528.63
宁波海曙高鑫广场店,2287,647822.59
宁波海曙鼓楼新店,2233,587334.89
宁波港隆时代广场店,1554,301944.72
宁波炼化海丰广场店,1624,321255.55
宁波甬港南路店,1438,279582.09
宁波象山万达店,1580,282402.17
宁波象山大目湾店,1851,382961.25
宁波象山海港城店,1493,290241.04
宁波轻纺城华盛店,2038,484891.0
宁波轻纺城石碶店,2190,525723.07
宁波轻纺城银亿店,1914,376845.59
宁波邱隘利时百货店,2113,444751.11
宁波鄞州万悦集店,1561,249716.97
宁波鄞州下应乐购店,2006,389887.14
宁波鄞州东岸里店,1657,290965.52
宁波鄞州东钱湖店,2087,666701.82
宁波鄞州中海国际店,1940,387755.0
宁波鄞州云龙镇店,1965,466203.77
宁波鄞州古林镇店,2254,694966.75
宁波鄞州咸祥镇店,2134,500768.17
宁波鄞州嘉苑广场店,1899,351718.6
宁波鄞州四明广场店,1590,268652.19
宁波鄞州堇山中路店,1587,260274.07
宁波鄞州塘溪镇店,1717,337489.41
宁波鄞州姜山镇店,1650,448924.08
宁波鄞州学府1号店,1430,219886.1
宁波鄞州宝龙广场店,1947,443055.65
宁波鄞州方圆中心店,2116,461442.85
宁波鄞州星空里店,1986,471881.22
宁波鄞州桑田路店,1703,265432.18
宁波鄞州横溪镇店,1983,454558.32
宁波鄞州横街镇店,1659,341292.98
宁波鄞州洞桥镇店,1709,383554.14
宁波鄞州滨江广场店,1534,268315.58
宁波鄞州潘火路店,2003,500401.02
宁波鄞州联盛广场店,2170,544192.45
宁波鄞州贸城东路店,1807,333643.84
宁波鄞州鄞江镇店,1494,263722.24
宁波鄞州长丰店,1711,330725.77
宁波鄞州集仕港店,1780,348611.9
宁波鄞州高桥镇店,2290,586016.25
宁波鄞州龙湖天街店,2202,510487.79
宁波镇海万科广场店,1953,359556.75
宁波镇海九龙湖店,1687,261272.07
宁波镇海吾悦广场店,1341,247330.89
宁波镇海大西门路店,1484,244783.64
宁波镇海工程学院店,1422,281702.04
宁波镇海招宝广场店,1713,347977.64
宁波镇海生活广场店,2126,559824.22
宁波镇海骆驼欧尚店,2113,630827.11
宁波镇海骆驼镇店,2326,836841.08
宁波集城广场店,1415,292195.91
宁波骆驼董家畈店,1809,402454.58
宁波高新宝龙广场店,1892,417278.72
富阳新登登城南路店,1985,393350.92
富阳新登秉贤街店,2133,717609.69
富阳银湖创意路店,1963,372725.06
慈溪三北镇店,1888,368232.23
慈溪乌山路新店,2339,866896.26
慈溪匡堰镇店,2341,759057.12
慈溪吾悦广场店,2232,744563.46
慈溪周巷二店,1620,246128.73
慈溪周巷店,2069,391006.73
慈溪周巷镇东路店,2292,757355.6
慈溪坎墩镇店,1946,467649.82
慈溪城西银泰店,2235,741914.5
慈溪大润发店,1788,311023.73
慈溪天九街店,1813,337518.44
慈溪天元镇店,1966,430002.46
慈溪孙塘北路店,2023,431988.36
慈溪宗汉镇新华店,1865,469593.43
慈溪小安店,1786,380561.87
慈溪崇寿镇店,2157,496420.77
慈溪师桥镇店,1920,382047.45
慈溪庵东镇店,2359,766368.82
慈溪掌起二店,2083,390502.44
慈溪掌起店,1925,436643.46
慈溪新江路店,1798,349641.19
慈溪新浦镇店,2131,583179.33
慈溪桥头镇店,1953,479482.01
慈溪横河镇店,2151,718943.08
慈溪沧田镇店,1711,301440.89
慈溪烟火里店,1890,379795.93
慈溪爱琴海店,2263,638284.68
慈溪胜山二店,1527,244217.58
慈溪胜山店,2233,519755.19
慈溪范市店,2098,527407.81
慈溪观海卫1店,2074,550791.95
慈溪观海卫大润发店,2143,519071.83
慈溪逍林二店,1998,468442.78
慈溪逍林店,2203,802412.25
慈溪金一路店,2012,391918.1
慈溪金水湾店,1468,324992.37
慈溪长河镇店,1780,432567.99
慈溪附海镇店,2012,400790.78
慈溪青少年宫二店,1849,363431.34
慈溪高王路店,1857,344561.34
慈溪龙山店,2226,596353.13
杭州丁桥环丁路店,1708,292480.58
杭州三墩厚诚路店,1857,385118.99
杭州上城三里亭店,1561,337651.21
杭州上城景芳店,2118,669142.86
杭州上城江城路店,2260,680584.77
杭州上城近江店,2007,515417.72
杭州上城通盛路店,1808,301711.65
杭州上城长睦路店,1724,249507.57
杭州下城万家星城店,2128,439584.68
杭州下城三塘店,1945,452524.18
杭州下城北景园新店,1817,371353.93
杭州下城朝晖店,2022,519944.12
杭州下沙七格店,1889,379004.5
杭州下沙圈圈里店,2204,632640.85
杭州下沙金隅金座店,1903,312808.49
杭州世纪城地铁站店,2359,748529.26
杭州临安临天路店,1443,237521.21
杭州临安城中街店,1660,268411.12
杭州临安宝龙店,1594,272808.12
杭州临安新天地店,2060,464219.26
杭州临安於潜镇店,2018,453063.31
杭州临安昌化镇店,1641,240668.7
杭州临安石镜街店,1586,269880.92
杭州临安西墅街店,1727,304334.03
杭州临安高虹镇店,1202,158922.25
杭州临平上环桥路店,2231,462001.01
杭州临平世纪大道店,1936,413200.96
杭州临平南兴路店,1988,394404.05
杭州临平南大街二店,2206,459691.59
杭州临平南大街店,1512,213126.45
杭州临平天都城店,1937,384632.7
杭州临平振兴西路店,1739,319673.43
杭州临平新环广场店,1862,320454.25
杭州临平算力小镇店,2199,508353.94
杭州临平绿荫街店,1556,237761.0
杭州临平翁家埠店,1774,308866.94
杭州临平长宁路店,1843,328857.7
杭州临江润东街店,1885,421830.58
杭州义蓬二店,2196,612830.35
杭州之江银泰店,2248,564871.02
杭州乔司华荣城店,1508,261048.23
杭州乔司大井店,1723,242121.71
杭州九堡金海百货店,2006,396998.47
杭州余杭上祥路店,1742,310952.83
杭州余杭中泰路店,1559,292503.75
杭州余杭五常店,1470,208680.65
杭州余杭仙塘西街店,1610,286445.89
杭州余杭保庆街店,1710,498246.57
杭州余杭凤凰山路店,1916,435684.72
杭州余杭北沙西路店,2085,634148.46
杭州余杭城南路店,1914,379005.61
杭州余杭星桥店,1762,281150.37
杭州余杭泽怀广场店,1754,323179.76
杭州余杭润达广场店,1895,359543.77
杭州余杭狮山路店,2040,489260.26
杭州余杭瓶窑镇店,1989,456988.86
杭州余杭白洋店,1958,493006.92
杭州余杭良渚店,2313,670957.04
杭州余杭逸盛路店,1846,532097.52
杭州余杭闲林二店,1524,267257.22
杭州余杭闲林镇店,2039,470367.38
杭州塘栖古镇店,2161,576431.6
杭州复地活力广场店,1770,305167.43
杭州大江东宝龙店,1803,365755.03
杭州富阳东洲店,2132,795341.43
杭州富阳九龙店,2067,490563.41
杭州富阳大源镇店,1909,467330.09
杭州富阳彩虹路店,2121,509984.71
杭州富阳文教路店,1579,289093.18
杭州富阳桂花西路店,1563,242140.62
杭州富阳江连街店,1758,312200.95
杭州富阳苋浦西路店,1674,358834.84
杭州富阳金桥北路店,2083,478290.62
杭州富阳金浦路店,1794,317046.45
杭州富阳银泰店,2211,547656.51
杭州富阳龙浦街店,1862,321805.73
杭州崇贤向阳路店,2048,460124.56
杭州建国北路新店,2146,554957.22
杭州建德乾潭镇店,1464,240475.04
杭州建德寿昌镇店,2073,535489.48
杭州建德梅城镇店,2015,499631.13
杭州建德汇丰商厦店,1890,462299.73
杭州建德洋安店,1765,385922.92
杭州拱墅万融城店,1381,229722.64
杭州拱墅上绍路店,1,9000.0
杭州拱墅半山路店,1536,234832.47
杭州拱墅台州路店,1918,407545.17
杭州拱墅吾悦广场店,1831,362523.03
杭州拱墅和睦路店,1782,326347.18
杭州拱墅拱宸桥店,1835,317769.42
杭州拱墅新华路店,2091,556404.17
杭州拱墅桃源街店,1701,310478.97
杭州拱墅永庆路店,1592,298816.89
杭州拱墅萍水路新店,1725,371894.96
杭州拱墅长阳路店,1434,204966.19
杭州拱墅香积寺新店,1821,342396.82
杭州星桥星韵路店,1939,353715.51
杭州桐庐中杭路店,1963,373815.44
杭州桐庐佳庭汇店,2104,499501.88
杭州桐庐分水镇店,2125,671307.29
杭州桐庐春江东路店,1267,169927.84
杭州桐庐梅林路店,1559,264145.29
杭州桐庐横村镇店,1564,233965.57
杭州江干区东东城店,2304,564484.69
杭州江干区学林街店,1281,200538.72
杭州江干区文汇苑店,2089,446218.61
杭州江干杭乔路店,2293,721926.37
杭州江干金沙湖店,1866,364964.67
杭州淳安新安大街二店,1780,370517.11
杭州淳安新安大街店,2238,747385.41
杭州湖墅南路新店,1991,393170.11
杭州滨江三秋路店,1956,393024.86
杭州滨江东冠路店,2276,535000.34
杭州滨江春波路店,2218,504216.23
杭州滨江月明路店,1963,410696.5
杭州滨江滨盛路店,2041,404990.56
杭州滨江西浦路店,1730,409159.15
杭州滨江连园店,2175,486416.68
杭州瓶窑嘉凯城店,2130,685763.12
杭州科技城宝龙店,1978,444967.4
杭州绿城吉祥里店,1469,213963.48
杭州良渚未来之光店,2161,607797.5
杭州萧山东瑞四路店,1854,356616.64
杭州萧山义蓬店,2070,494931.04
杭州萧山党山镇店,2116,470942.18
杭州萧山利丰路店,2056,630943.01
杭州萧山所前镇店,2188,662734.24
杭州萧山新湾镇店,2012,432992.81
杭州萧山明星路店,2051,580391.56
杭州萧山益农镇店,2045,534316.45
杭州萧山萧绍路店,2048,457054.06
杭州萧山韵动城店,1956,343433.53
杭州西湖双浦镇店,1879,380892.53
杭州西湖文一路店,2438,898424.58
杭州西湖文三西路店,1913,408937.75
杭州西湖来仁街店,1727,307458.3
杭州西湖池华街店,1765,345889.04
杭州西湖留和家苑店,2101,490579.01
杭州西湖西雅苑店,1891,328683.17
杭州西湖贝家街店,1849,335227.93
杭州西湖转塘直街店,1989,556848.54
杭州西溪欢乐城店,1948,429335.24
杭州转塘之江店,1765,304194.24
杭州转塘创意路店,2193,529147.15
杭州钱塘区前进店,1708,295661.11
杭州钱塘区高沙店,1900,360886.37
杭州青山湖宝龙店,1596,364196.77
桐乡崇福商业中心店,2098,510611.19
永康西津步行街店,2331,990769.74
永康长城九州西路店,1848,396825.64
海宁长安修川路店,1697,342863.49
海宁长安平川路店,1915,411703.3
温岭城北商业中心店,1675,273416.36
温州5050广场店,1728,294681.13
温州上塘县前路店,1274,215875.67
温州乐清七里港店,1711,317020.4
温州乐清宝龙广场店,2169,512054.45
温州乐清汇丰路店,1673,473029.32
温州乐清百佳广场店,1708,326070.26
温州乐清翁垟镇店,1910,390536.18
温州乐清蒲岐镇店,2022,409047.58
温州乐清虹桥镇二店,1729,385974.0
温州乐清虹桥镇店,2270,758042.66
温州乐清金溪路店,1873,514990.31
温州乐清雁荡镇店,1644,295011.9
温州乐清鸣阳路店,48,37050.84
温州北白象东大街店,1822,629001.72
温州大荆财富店,1540,245460.79
温州平阳万全镇店,1678,269516.46
温州平阳横阳路店,2087,500961.26
温州平阳水头店,1533,266543.11
温州平阳百悦广场店,1971,452682.74
温州平阳联东北路店,1874,365318.38
温州平阳萧江镇店,1738,305350.16
温州平阳郑楼镇店,1826,438377.25
温州文成建设路店,2171,481829.03
温州新桥金蟾大道店,1558,337166.46
温州柳市中梁首府店,425,80520.86
温州柳市柳青南路店,2011,560373.26
温州柳市现代广场店,1737,359547.32
温州梧田大堡底店,2138,470334.02
温州水头财富广场店,1387,239074.54
温州永嘉上塘镇店,1717,375496.54
温州永嘉乌牛镇店,1655,273523.14
温州永嘉桥下镇店,1990,492516.31
温州永嘉桥头镇店,1525,241078.73
温州泰顺北大街店,1768,365080.08
温州泰顺金都花园店,1584,258302.26
温州泰顺青草湾店,1245,184216.15
温州洞头海湾家园店,1,9000.0
温州洞头霞晖路新店,2146,444692.16
温州灵溪仁英路店,1838,352011.54
温州灵溪新天地店,1716,286526.12
温州灵溪明珠苑店,1614,277508.73
温州灵溪玉苍路店,2004,432811.89
温州瑞安万松东路店,1784,324233.44
温州瑞安云周店,1662,328697.61
温州瑞安仙降二店,1725,287738.51
温州瑞安仙降镇店,2246,641567.54
温州瑞安吾悦广场店,2196,717143.29
温州瑞安场桥店,1755,260379.01
温州瑞安安阳南路店,1674,373609.51
温州瑞安安阳路店,1645,287225.4
温州瑞安汀田店,1846,320735.37
温州瑞安沿江东路店,1830,293399.87
温州瑞安瑞源华府店,1357,239280.7
温州瑞安瑞祥店,1763,303737.76
温州瑞安瑞立广场店,1833,376197.58
温州瑞安莘塍镇店,2011,416294.71
温州瑞安莘阳大道店,1668,297745.03
温州瑞安虹桥北路店,2500,545555.83
温州瑞安虹桥路店,2030,403729.34
温州瑞安陶山镇店,1529,282710.93
温州瑞安飞云镇店,1928,420268.91
温州瑞安马屿镇店,2033,491748.25
温州瓯北中楠广场店,1675,366981.57
温州瓯北五星堡一店,1532,305995.06
温州瓯北双塔路店,1659,350079.0
温州瓯北置诚广场店,1622,279524.03
温州瓯海万象城店,2172,596954.03
温州瓯海东垟东路店,1665,301957.56
温州瓯海中庚广场店,1817,320284.89
温州瓯海仙岩镇店,2059,493525.99
温州瓯海半塘路店,1990,475001.3
温州瓯海南旭嘉园店,1882,419873.8
温州瓯海欢乐天地店,1639,296809.13
温州瓯海茶山镇店,1577,331613.81
温州瓯海郭溪镇店,1727,271007.61
温州瓯海鑫汇家园店,2203,581127.11
温州瓯海龙霞路店,1990,519916.01
温州瞿溪新天地店,1942,381673.61
温州美美时尚店,1825,318023.05
温州苍南宜山镇店,2063,550356.59
温州苍南金乡镇店,1351,206975.45
温州苍南钱库镇店,2072,501438.48
温州苍南马站镇店,1519,234022.52
温州苍南龙跃路店,1686,315242.35
温州西江月印象里店,1448,238152.32
温州马鞍池东路店,1915,377814.05
温州鳌江万达广场店,1517,281745.47
温州鳌江兴鳌中路店,1264,159596.05
温州鳌江巴黎城店,1645,347479.47
温州鳌江新河路店,1790,318006.33
温州鹿城中洲大厦店,1894,396758.97000000003
温州鹿城仰义店,1656,287588.25
温州鹿城公园路店,1969,415804.39
温州鹿城划龙桥路店,1092,160591.81
温州鹿城南塘街店,1684,300148.47
温州鹿城印象城店,1665,347079.96
温州鹿城学院中路店,2137,521334.47000000003
温州鹿城府前街店,1931,505496.86
温州鹿城恒隆广场店,2065,466581.64
温州鹿城新城大道店,1559,309704.93
温州鹿城时尚港店,1626,311737.93
温州鹿城欧洲城店,1877,370961.45
温州鹿城汤家桥店,1950,400992.92
温州鹿城温金路店,1459,207377.39
温州鹿城环城东路店,1505,240766.05
温州鹿城白麓里店,1278,180846.89
温州鹿城百里店,1504,246211.18
温州鹿城站东店,2021,459542.35
温州鹿城藤桥镇店,2099,526752.21
温州鹿城西城路店,1986,396450.49
温州鹿城里垟新路店,1942,375224.59
温州鹿城飞霞南路店,1590,254211.75
温州鹿城黄龙店,2056,480384.86
温州鹿城龟湖路店,1743,317644.93
温州黄龙康城广场店,1769,362658.04
温州龙港下埠店,2053,500760.83
温州龙港华电路店,1778,384451.17
温州龙港财富中心店,2137,614617.63
温州龙港金茂花园店,2525,711735.72
温州龙湾万达店,1710,346521.76
温州龙湾人民南路店,1691,330704.59
温州龙湾吾悦广场店,1777,393845.42
温州龙湾括苍西路店,1772,416344.8
温州龙湾永中西路店,1949,350483.98
温州龙湾永强大道店,1990,426443.81
温州龙湾滨海六路店,1909,336168.91
温州龙湾状元店,1954,423026.87
温州龙湾罗东街店,1811,297335.12
温州龙湾财智大厦店,1976,424345.12
湖州安吉孝丰店,1331,213249.6
湖州德清乾元店,1811,342966.72
湖州德清兴康北路店,1593,332943.53
湖州德清城东店,1520,280183.23
湖州德清新市镇店,1298,157414.56
湖州德清舞阳街店,1415,235983.7
瑞安塘下中心路店,2207,566079.77
瑞安塘下塘西店,1674,275809.44
瑞安塘下广场中路店,1141,221420.22
瑞安塘下香港城店,1816,366907.35
瑞安塘下鲍田店,1705,255120.66
瑞安新湖银泰城店,1847,377856.29
瑞安莘塍镇府路店,1379,202100.49
绍兴上虞章镇店,1770,355221.75
绍兴东浦锡鳞路店,1865,446212.83
绍兴冠城商业广场店,1493,279841.76
绍兴古城北店,1585,266539.88
绍兴安昌镇店,1875,511525.43
绍兴嵊州三江城店,1915,438059.25
绍兴嵊州三界镇店,1737,288230.95
绍兴嵊州仙湖路店,1139,153429.3
绍兴嵊州北直街店,1520,249506.48
绍兴嵊州和悦广场店,2088,433433.52
绍兴嵊州官河路店,938,112652.06
绍兴嵊州新国商店,1641,294835.07
绍兴嵊州甘霖镇店,1692,349279.54
绍兴嵊州碧桂园店,1723,385612.42
绍兴嵊州莲塘店,1831,328333.06
绍兴嵊州蓝光店,1789,367697.56
绍兴嵊州西后街新店,1217,155915.02
绍兴嵊州西皮茂店,1688,289158.0
绍兴嵊州长乐镇店,1903,443984.01
绍兴嵊州长安路店,1960,425674.49
绍兴嵊州黄泽镇店,1632,258780.83
绍兴新昌万达广场店,1971,534406.5
绍兴新昌人民东路店,1841,386404.05
绍兴新昌人民中路店,1841,424530.12
绍兴新昌尚礼苑店,1765,427566.17
绍兴新昌拔茅店,1752,309708.81
绍兴新昌泰坦大道店,2195,488332.43
绍兴新昌西江月店,1670,309774.08
绍兴新昌鼓山中路店,1723,309035.54
绍兴杨汛桥商贸城店,2045,463754.8
绍兴杨汛桥江桥路店,1986,439156.34
绍兴柯岩梅泽嘉园店,2258,673024.4
绍兴柯桥万达广场店,2003,491673.51
绍兴柯桥云集路店,1652,263349.51
绍兴柯桥兰亭镇店,1927,401967.22
绍兴柯桥华舍店,2228,525394.13
绍兴柯桥双周店,2183,594805.67
绍兴柯桥双渎路店,1768,319455.57
绍兴柯桥夏履镇店,1771,293938.15
绍兴柯桥大坂风情店,1465,209822.7
绍兴柯桥平水镇店,1995,595032.53
绍兴柯桥恒宇锦园店,2038,437303.37
绍兴柯桥明园店,1116,153774.92
绍兴柯桥港越路店,1432,220978.87
绍兴柯桥湖中路店,1563,291862.3
绍兴柯桥滨海万达店,2281,591398.57
绍兴柯桥漓渚镇店,1997,407056.22
绍兴柯桥碧水金柯店,1664,264699.66
绍兴柯桥福全镇店,2063,540992.66
绍兴柯桥耶溪路店,1841,397465.5
绍兴柯桥鉴湖路店,2008,385313.6
绍兴柯桥银泰城店,1742,340046.35
绍兴柯桥马鞍镇店,1621,259086.66
绍兴沥海综合市场店,2037,555130.3
绍兴滨海群商路店,2047,485340.56
绍兴滨海镜海大道店,1968,588918.2
绍兴袍江丽都花园店,2009,424886.17
绍兴袍江宝龙广场店,1672,266091.19
绍兴袍江斗门镇店,1810,320941.97
绍兴袍江益泉百货店,1810,279414.88
绍兴诸暨三都路店,1802,309294.57
绍兴诸暨上海城店,1982,395505.28
绍兴诸暨东兴路店,2051,518801.7
绍兴诸暨东祥路店,1552,267965.81
绍兴诸暨健民路店,1671,341575.49
绍兴诸暨八一路店,1646,264324.82
绍兴诸暨和泰路店,1766,281973.85
绍兴诸暨安华镇店,1990,442366.7
绍兴诸暨宝龙广场店,1872,365197.41
绍兴诸暨山下湖镇店,2049,464480.0
绍兴诸暨新天地店,1809,341025.65
绍兴诸暨旺达路店,1867,381013.33
绍兴诸暨春江路店,1802,385207.32
绍兴诸暨杨梅桥店,1885,335246.69
绍兴诸暨枫桥镇店,1876,386577.98
绍兴诸暨次坞镇店,1735,277279.92
绍兴诸暨浣东北路店,1473,232736.74
绍兴诸暨湄池店,1849,339608.45
绍兴诸暨牌头镇店,1664,332376.04
绍兴诸暨璜山镇店,1814,380847.97
绍兴诸暨草塔镇店,1775,301502.72
绍兴诸暨西子公寓店,1616,253742.86
绍兴诸暨飨街店,1700,307914.12
绍兴越城世纪东街店,1673,278072.78
绍兴越城世茂广场店,1736,358923.67
绍兴越城东光街店,1679,325825.1
绍兴越城中兴中路店,1669,272569.86
绍兴越城中兴北路店,1722,290816.71
绍兴越城中兴南路店,1456,263404.77
绍兴越城人民东路店,2101,434776.59
绍兴越城剡溪路店,2004,454875.3
绍兴越城后墅路店,1565,253572.5
绍兴越城国商店,4,-199.8
绍兴越城城南店,1757,268765.03
绍兴越城天悦城店,1562,238757.57
绍兴越城孙端镇店,2022,404794.09
绍兴越城建功店,1190,182119.09
绍兴越城旭辉广场店,1701,269675.64
绍兴越城昌明街店,1325,185769.41
绍兴越城泓盛广场店,1900,430479.18
绍兴越城皋埠二店,1970,458712.24
绍兴越城皋埠镇店,2048,408944.92
绍兴越城胜利西路店,1967,398921.24
绍兴越城袍中路店,2082,418785.21
绍兴越城袍渎路店,1951,347550.49
绍兴越城解放南路店,1334,190218.23
绍兴越城迎恩门店,1180,164081.5
绍兴越城鉴湖镇店,2138,526895.36
绍兴越城鲁迅路店,1459,226581.25
绍兴越城龙湖天街店,1895,341757.77
绍兴金地自在城店,2146,522127.36
绍兴金帝银泰城店,1227,210463.74
绍兴钱清西后街店,2207,505362.48
绍兴钱清钱门大道店,1829,324635.06
绍兴镜湖凤林西路店,1713,374470.19
绍兴马山车站路店,2092,516464.35
绍兴齐贤聚贤街店,2236,705269.29
舟山东港云谷店,2057,484906.46
舟山东港香榭街店,2123,523024.14
舟山人民中路新店,1,9000.0
舟山定海白泉镇店,1914,416803.55
舟山定海解放东路新店,2113,462260.84
舟山宝龙广场店,2301,665058.76
舟山岱山兰秀大道店,2093,548311.89
舟山岱山日达广场店,2465,889201.74
舟山岱山长河路店,2122,675657.62
舟山嵊泗东海路店,2108,614890.96
舟山普陀东海中路店,2074,435270.73
舟山普陀六横镇店,2014,632960.92
舟山普陀兴海路店,1793,341020.87
舟山普陀勾山店,1,352.0
舟山普陀同济路店,2121,665851.89
舟山普陀朱家尖店,2278,698612.82
舟山茶山浦水街店,2089,469553.46
舟山解放西路新店,1855,389822.78
舟山金塘新天地店,1927,375354.81
舟山长峙如心广场店,2005,476461.63
萧山万象汇新店,2002,734822.12
萧山东方文化园店,2176,640913.07
萧山临浦东藩中路店,2285,649465.6
萧山临浦东藩小区店,2403,844335.25
萧山义桥镇店,2301,554997.18
萧山乐园路店,1799,322808.32
萧山体育路店,2072,448786.35
萧山党湾镇店,1809,392339.72
萧山南和城店,1887,406878.36
萧山南秀路店,1435,219119.3
萧山南阳南虹路店,2224,536041.6
萧山坎山镇店,2246,558085.01
萧山奥园店,2068,443799.25
萧山宁围振宁路店,1862,413087.33
萧山宁围生兴路店,2058,521011.58
萧山工人路店,1844,444008.26
萧山建设一路店,2067,479316.45
萧山戴村镇店,2210,467210.15
萧山拱秀路新店,1911,372333.38
萧山新华广场店,1881,504437.81
萧山新华缘店,1857,403546.09
萧山新南郡嘉苑店,1651,345518.86
萧山新塘塘里陈店,2174,634387.84
萧山新街合欢路店,1941,551048.29
萧山新街忘忧弄店,2136,487734.43
萧山晨晖路店,1993,411978.16
萧山楼塔镇店,1965,396019.24
萧山河上镇大桥店,1985,423906.8
萧山河庄永丰路店,2271,790068.7
萧山浦阳镇店,2057,530204.39
萧山湖滨花园店,1929,446066.71
萧山湘湖都会艺境店,1679,379320.49
萧山潘水路新店,1500,327708.79
萧山瓜沥东灵路店,2065,496007.66
萧山瓜沥航坞路店,1912,422202.96
萧山盈一佳苑店,2053,502228.07
萧山空港新天地店,2102,464112.71
萧山红山店,1918,455436.15
萧山育才北路店,1779,431493.07
萧山育才西苑店,1868,384245.28
萧山育才路新店,1842,395529.65
萧山衙前凤凰南苑店,2187,533830.78
萧山进化镇店,2021,340899.78
萧山金一路店,1902,474495.46
萧山金帝银泰城店,1956,410797.35
萧山金茂大厦店,1998,467149.19
萧山长山店,1621,270916.61
萧山闻堰万达中路店,2217,533404.75
萧山闻堰闻兴路店,2260,541494.08
萧山靖江镇店,1934,387566.65
萧山龙湖天街店,2076,543051.99
衢州巨化文昌路店,2028,397952.78
衢州市县西街店,1526,215965.01
衢州常山文峰二店,1866,359741.69
衢州常山文峰西路店,1909,464035.6
衢州开化华埠镇店,1966,420012.6
衢州开化开元路店,1714,332682.88
衢州开化解放街店,1856,566166.14
衢州新城吾悦广场店,2040,415945.44
衢州柯城万达广场店,2139,500316.06
衢州柯城双港中路店,2140,506760.13
衢州柯城坊门街店,1198,157833.67
衢州柯城广场路店,1714,254436.13
衢州柯城浮石路店,1982,345515.47
衢州柯城百汇路店,1923,336773.87
衢州柯城航埠镇店,1651,254017.46
衢州江山东岳路店,1759,288960.14
衢州江山安居路店,2224,524366.31
衢州江山解放路店,1918,347866.08
衢州江山贺村镇店,2150,492518.05
衢州湖镇东方店,1492,230507.61
衢州衢江东方广场店,2112,644562.83
衢州衢江廿里镇店,1737,327978.56
衢州衢江振兴中路店,2054,549063.41
衢州衢江银泰城店,1703,310797.49
衢州龙游东方广场店,2128,556656.27
衢州龙游兴龙路店,1268,184560.24
衢州龙游城东东方店,1651,282138.86
衢州龙游太平路店,1879,394075.25
诸暨大唐中心广场店,1927,420341.46
诸暨大唐永新店,2175,641545.7
诸暨店口嘉凯城店,1977,381824.4
诸暨店口镇店,1465,241134.25
诸暨福田花园新店,1683,297047.2
象山丹城小白象店,1411,220668.75
象山爵溪镇店,1523,244571.73
象山石浦南屏店,2015,652810.72
象山石浦渔港中路店,1529,364384.34
象山石浦金山路店,1542,289290.4
金华东阳中山路店,1739,340338.59
金华东阳五马塘店,1482,240559.69
金华东阳六石店,1991,432405.48
金华东阳南马镇二店,1892,353037.22
金华东阳双岘路店,2091,492008.39
金华东阳宝龙广场店,1390,215037.22
金华东阳巍山镇二店,1695,293211.06
金华东阳巍山镇店,1912,392133.9
金华东阳希宝广场店,1576,279394.23
金华东阳振兴店,1862,374959.14
金华东阳横店镇店,1867,357588.4
金华东阳环城北路店,1876,374718.13
金华东阳甘溪东街店,1408,294673.97
金华东阳甘溪西街店,1866,405434.71
金华东阳画水镇店,2113,433612.21
金华东阳花园店,2155,541122.22
金华东阳银泰城新店,1969,459272.24
金华东阳银田店,1250,168242.83
金华兰溪三江路店,1486,263217.79
金华兰溪丹溪大道店,1952,418927.65
金华兰溪人民北路店,1960,378587.14
金华兰溪宝龙广场店,2018,512854.34
金华兰溪新时代店,1976,439767.02
金华兰溪聚仁路店,1942,370026.55
金华婺城世贸店,1398,226707.97
金华婺城东莱路店,1817,338347.52
金华婺城宾虹路店,1813,320710.93
金华婺城汤溪镇店,1300,183548.37
金华婺城白龙桥镇店,2018,504188.88
金华婺城秋涛街店,1341,187529.3
金华婺城解放东路店,1698,292950.07
金华婺城金磐路店,1430,215548.75
金华婺城骆家塘店,1551,261308.85
金华桐琴佳源广场店,1840,343217.17
金华横店华夏大道店,1942,367695.88
金华横店财富广场店,1081,151479.49
金华武义中南名城店,1994,385793.98
金华武义宝塔路店,1434,202617.25
金华武义新漾里店,2001,396420.81
金华武义桐琴镇店,2015,434634.11
金华武义沃尔玛店,2308,621507.0
金华武义泉溪镇店,1912,313865.75
金华武义鸣阳里店,1999,368711.81
金华永康万达店,1682,393081.47
金华永康三马路店,1769,343229.37
金华永康九鼎路店,1224,159072.27
金华永康五洲路店,1553,244946.61000000002
金华永康双飞路店,1457,248713.81
金华永康古山店,1772,453600.07
金华永康城东路店,1924,440342.29
金华永康夏溪村店,1700,349662.71
金华永康巴黎商街店,1964,549182.35
金华永康溪心菜场店,2027,501987.57
金华永康石柱镇店,1401,223551.42
金华永康芝英镇店,2034,445156.11
金华永康花川菜场店,1978,409144.13
金华永康解放街店,1554,265113.21
金华永康象珠镇店,1801,338295.15
金华浦江中山南路店,1787,312589.56
金华浦江之心店,1647,234847.77
金华浦江人民东路店,1727,289820.02
金华浦江人民广场店,2181,563275.37
金华浦江廿亩山店,1849,346393.64
金华浦江文溪西路店,1734,344867.69
金华浦江海乐城店,2106,414070.11
金华浦江黄宅二店,2031,391089.37
金华浦江黄宅镇店,2135,440395.69
金华磐安二店,1813,325203.12
金华磐安尖山镇店,1496,233022.13
金华磐安新兴街店,2115,500583.3
金华金东万达店,1527,218374.44
金华金东傅村镇店,1508,257593.31
金华金东孝顺镇店,1663,359213.87
金华金东曹宅镇店,1404,221822.04
金华金东鞋塘镇店,1615,244277.87
金华金义宝龙店,1905,498248.94
镇海庄市店,2234,590523.82
